category,word,word_length,avg_guesses,difficulty,common_starting_letter,completion_rate,date_added,source
Business & Finance,strategy,8,4.2,Medium,s,78%,2024-01-15,https://pinpointanswertoday.online/
Business & Finance,revenue,7,3.8,Easy,r,82%,2024-01-16,https://pinpointanswertoday.online/
Business & Finance,stakeholder,11,6.1,Hard,s,45%,2024-01-17,https://pinpointanswertoday.online/
Business & Finance,investment,10,5.3,Medium,i,55%,2024-01-18,https://pinpointanswertoday.online/
Business & Finance,profit,6,3.1,Easy,p,88%,2024-01-19,https://pinpointanswertoday.online/
Technology,algorithm,9,5.8,Hard,a,42%,2024-01-20,https://pinpointanswertoday.online/
Technology,database,8,4.5,Medium,d,65%,2024-01-21,https://pinpointanswertoday.online/
Technology,framework,9,5.1,Medium,f,52%,2024-01-22,https://pinpointanswertoday.online/
Technology,infrastructure,14,7.2,Very Hard,i,28%,2024-01-23,https://pinpointanswertoday.online/
Technology,deployment,10,5.6,Hard,d,48%,2024-01-24,https://pinpointanswertoday.online/
Leadership,mentorship,10,5.4,Medium,m,50%,2024-01-25,https://pinpointanswertoday.online/
Leadership,delegation,10,5.7,Hard,d,44%,2024-01-26,https://pinpointanswertoday.online/
Leadership,accountability,14,7.0,Very Hard,a,30%,2024-01-27,https://pinpointanswertoday.online/
Leadership,empowerment,11,6.3,Hard,e,40%,2024-01-28,https://pinpointanswertoday.online/
Leadership,collaboration,13,6.8,Hard,c,35%,2024-01-29,https://pinpointanswertoday.online/
Career Development,promotion,9,4.8,Medium,p,58%,2024-01-30,https://pinpointanswertoday.online/
Career Development,networking,10,5.5,Medium,n,47%,2024-01-31,https://pinpointanswertoday.online/
Career Development,advancement,11,6.0,Hard,a,42%,2024-02-01,https://pinpointanswertoday.online/
Career Development,certification,13,6.5,Hard,c,38%,2024-02-02,https://pinpointanswertoday.online/
Career Development,upskilling,10,5.9,Hard,u,43%,2024-02-03,https://pinpointanswertoday.online/
Innovation,disruption,10,5.6,Hard,d,46%,2024-02-04,https://pinpointanswertoday.online/
Innovation,breakthrough,12,6.7,Hard,b,33%,2024-02-05,https://pinpointanswertoday.online/
Innovation,prototype,9,5.0,Medium,p,55%,2024-02-06,https://pinpointanswertoday.online/
Innovation,iteration,9,4.9,Medium,i,57%,2024-02-07,https://pinpointanswertoday.online/
Innovation,brainstorm,10,5.3,Medium,b,50%,2024-02-08,https://pinpointanswertoday.online/
Soft Skills,communication,13,6.6,Hard,c,36%,2024-02-09,https://pinpointanswertoday.online/
Soft Skills,negotiation,11,5.8,Hard,n,44%,2024-02-10,https://pinpointanswertoday.online/
Soft Skills,adaptability,12,6.2,Hard,a,38%,2024-02-11,https://pinpointanswertoday.online/
Soft Skills,resilience,10,5.5,Medium,r,48%,2024-02-12,https://pinpointanswertoday.online/
Soft Skills,transparency,12,6.4,Hard,t,37%,2024-02-13,https://pinpointanswertoday.online/
